Designator,Footprint,Quantity,Value,LCSC Part #
"C1, C16",0805,2,10u,
"C10, C2",0402,2,1u,
"C11, C12, C13, C3, C4, C5, C6, C7, C8, C9",0402,10,100n,
"C14, C15",0402,2,27pF,
"D1, D10, D11, D12, D13, D14, D2, D3, D4, D5, D6, D7, D8, D9",Diode-Hybrid-Back,14,1N4148,
ENC1,RotaryEncoder_Alps_EC11E-Switch_Vertical_H20mm,1,RotaryEncoder_Switch,
J1,JST_SH_SM04B-SRSS-TB_1x04-1MP_P1.00mm_Horizontal,1,REPLACE WITH UDB STANDARDS,
J2,SW_Tactile_SPST_Angled_MJTP1117,1,Conn_01x02,
JP1,SolderJumper-2_P1.3mm_Open_RoundedPad1.0x1.5mm,1,SolderJumper_2_Open,
"LED1, LED10, LED11, LED12, LED2, LED3, LED4, LED5, LED6, LED7, LED8, LED9",SK6812-MINI-E,12,SK6812MINI-E,
"LED13, LED14, LED15, LED16",WS2812B,4,WS2812B,
OLED1,I2C_Breakout,1,SSD1306,
"R1, R2",Resistor-Hybrid,2,4k7,
"R10, R7, R9",0402,3,1k,
"R5, R6",0402,2,27.4,
R8,0402,1,DNF(10k),
"SW1, SW10, SW11, SW12, SW2, SW3, SW4, SW5, SW6, SW7, SW8, SW9",MX-Hotswap-1U,12,SW_Push,
SW13,SW_Tactile_SPST_Angled_MJTP1117,1,SW_Push,
SWD,PinHeader_1x02_P1.00mm_Vertical,1,Conn_01x02,
U1,RP2040-QFN-56,1,RP2040,
U2,SOT-223-3_TabPin2,1,NCP1117-3.3_SOT223,
U3,SOIC-8_5.23x5.23mm_P1.27mm,1,W25Q32JVSS,
Y1,Crystal_SMD_HC49-US,1,ABLS_12.000MHZ-B4-T,
