Designator,Footprint,Quantity,Value,LCSC Part #
"D1, D10, D11, D12, D13, D14, D2, D3, D4, D5, D6, D7, D8, D9",Diode-Hybrid-Back,14,1N4148,
ENC1,RotaryEncoder_Alps_EC11E-Switch_Vertical_H20mm,1,RotaryEncoder_Switch,
"LED1, LED10, LED11, LED12, LED2, LED3, LED4, LED5, LED6, LED7, LED8, LED9",SK6812-MINI-E,12,SK6812MINI-E,
"LED13, LED14, LED15, LED16",WS2812B,4,WS2812B,
OLED1,I2C_Breakout,1,SSD1306,
"R1, R2",Resistor-Hybrid,2,4k7,
"SW1, SW10, SW11, SW12, SW2, SW3, SW4, SW5, SW6, SW7, SW8, SW9",MX-Hotswap-1U,12,SW_Push,
U1,WeAct-RP2040-Pico,1,WeAct-RP2040-Pico,
